variable,count,mean,std,min,25%,50%,75%,max,original
dummy1,1000.0,-0.0004774620659596384,0.010239217840453459,-0.0307889408312753,-0.0075606709438069,-0.000604741135445,0.0060765563159499,0.027873617645902,-0.0032987535566819
dummy2,1000.0,0.00017517724365229866,0.009949373641563163,-0.0341138152615911,-0.006215982088100675,-7.061106436268005e-05,0.007056246589858225,0.030989847534407,-0.0046144574404038
x1,1000.0,0.14071778307124433,3.07653480153647,-8.624704355062883,-1.8681185472028932,0.0323079622789619,2.181264589294136,28.20543043875772,28.20543043875772
x2,1000.0,0.48168806866248154,7.883786869117477,-25.327145939164097,-4.339035630506412,0.10175218394925076,5.524023195446681,75.05113176074212,75.05113176074212
x3,1000.0,0.023441426910431346,1.9408825891168089,-5.446873400621158,-1.206031146700992,0.0226010009716901,1.2791851026183019,17.7546539984774,17.7546539984774
